ID,srcLat,srcLon
LB-418523,42.34653899,-71.07047913
LB-427987,42.31194433,-71.05385693
LB-423824,42.3630021,-71.13043669
LB-410009,34.24438675,-73.6513909
LB-423834,42.38249,-71.01815
LB-418633,42.33394216,-71.04169057
LB-414876,42.36453986,-71.02181743
LB-397020,42.30116,-71.05975
LB-419273,42.292934,-71.0521
LB-408105,34.24438675,-73.6513909
LB-400460,34.24438675,-73.6513909
LB-398570,34.24438675,-73.6513909
LB-374985,42.33223,-71.09986
LB-383185,42.33175342,-71.09867931
LB-375393,42.32537606,-71.06282448
LB-390565,34.24438675,-73.6513909
LB-401642,42.37245,-71.03549
LB-402436,34.24438675,-73.6513909
LB-400468,42.35750813,-71.05584837
LB-400360,34.24438675,-73.6513909
LB-396004,42.27171,-71.17211
LB-392637,42.3522708,-71.05909627
LB-396556,42.36216,-71.05749
LB-387106,42.32241,-71.10656
LB-385719,42.32537497,-71.06155223
LB-397007,34.24438675,-73.6513909
LB-378513,42.32587838,-71.06257563
LB-393241,42.28441,-71.16955
LB-396266,42.343424,-71.1426
LB-383161,42.36267735,-71.01863498
LB-383184,42.36267735,-71.01863498
LB-387124,42.35557,-71.06243
LB-364899,42.375103,-71.037993
LB-382579,42.34109117,-71.14683898
LB-379141,34.24438675,-73.6513909
LB-382644,42.36453986,-71.02181743
LB-381128,42.34594,-71.0709
LB-382500,42.29095,-71.06267
LB-381261,42.3560333,-71.05529812
LB-377260,34.24438675,-73.6513909
LB-378411,,
LB-364807,42.32587838,-71.06257563
LB-349883,42.29174,-71.04013
LB-369935,34.24438675,-73.6513909
LB-363532,42.28677513,-71.13052659
LB-361155,42.36709298,-71.03601158
LB-369939,34.24438675,-73.6513909
LB-373394,42.3634087,-71.02569881
LB-363642,34.24438675,-73.6513909
LB-375375,34.24438675,-73.6513909
LB-371724,42.31798694,-71.08173961
LB-364796,42.32971,-71.08546
LB-353657,42.36688254,-71.04072792
LB-364362,42.32576037,-71.06226828
LB-368642,42.34677937,-71.07610032
LB-360433,42.33016245,-71.08377521
LB-364254,42.32237677,-71.10912921
LB-349943,42.386578,-71.009157
LB-357279,42.34369836,-71.10188039
LB-353878,42.34928855,-71.1532204
LB-353633,42.35115218,-71.04534874
LB-353145,42.32644972,-71.06549368
LB-353653,42.32146,-71.06264
LB-352377,42.34197,-71.07058
LB-352398,42.35276025,-71.04310311
LB-202317,42.28330433,-71.05591495
LB-351113,42.33406918,-71.10552921
LB-352043,34.24438675,-73.6513909
LB-349572,42.32586499,-71.06209539
LB-303392,42.36486,-71.06185
LB-311729,42.33500293,-71.0462284
LB-313561,42.33642,-71.07657
LB-303682,42.3292773,-71.08921515
LB-202498,42.36560953,-71.0593766
LB-202298,42.35531477,-71.06135208
LB-162570,42.35323132,-71.04753625
LB-314275,42.36348501,-71.12969742
LB-316991,42.34181,-71.15461
LB-334563,42.34738,-71.10332
LB-336046,42.30188091,-71.06020977
LB-332668,42.348624,-71.075972
LB-318030,34.24438675,-73.6513909
LB-312661,42.35115218,-71.04534874
LB-333434,42.37842,-71.03194
LB-318110,42.28341976,-71.0651622
LB-202196,42.38689,-71.0068
LB-316958,42.32175,-71.11029
LB-318027,34.24438675,-73.6513909
LB-311978,42.34382231,-71.04538199
LB-311416,42.311379,-71.11466946
LB-311737,42.33754,-71.08406
LB-308323,42.32707,-71.06681
LB-309337,42.29605385,-71.08722928
LB-301847,42.35352169,-71.0461291
LB-309339,42.33538,-71.03969
LB-309815,42.3497,-71.08921
LB-303668,42.30565,-71.06739
LB-303415,42.29918,-71.05818
LB-302915,42.28746759,-71.14981283
LB-202300,42.27236,-71.06824
LB-202231,42.3389,-71.07393
LB-202281,42.34509707,-71.06195643
LB-202482,42.37685534,-71.06576208
LB-143861,42.36465176,-71.0533962
LB-202232,42.33903,-71.08043
LB-202268,42.3336268,-71.08144907
LB-162574,42.36522,-71.05526
LB-202199,42.37119399,-71.04395019
LB-161765,42.35231683,-71.04730354
LB-202968,42.353633,-71.057366
LB-161356,42.35115,-71.06025
LB-155692,42.33204506,-71.07372617
LB-177257,42.28806,-71.0769
LB-167065,34.24438675,-73.6513909
LB-173813,42.34626,-71.0828
LB-158948,34.24438675,-73.6513909
LB-144988,42.28221438,-71.05584443
LB-161359,42.34520451,-71.06330332
LB-161343,42.36733324,-71.03881314
LB-173360,42.28629905,-71.15200687
LB-166987,42.34995,-71.05033
LB-156015,42.366083,-71.055108
LB-168707,42.2954,-71.06139
LB-166870,34.24438675,-73.6513909
LB-156769,42.3321444,-71.09951111
LB-167019,42.334685,-71.029056
LB-162511,42.35017,-71.05127
LB-160336,42.27299,-71.06805
LB-163210,42.29983,-71.07452
LB-158623,42.3857,-71.00882
LB-144137,42.36403848,-71.05400894
LB-160790,42.27724,-71.17261
LB-160915,42.33409645,-71.10548096
LB-162550,34.24438675,-73.6513909
LB-165850,34.24438675,-73.6513909
LB-162571,42.36290452,-71.05499981
LB-161361,42.34971,-71.08124
LB-163200,42.360951,-71.06816
LB-163968,42.35541816,-71.0599055
LB-162572,42.36503,-71.05348
LB-146400,34.24438675,-73.6513909
LB-144135,42.30114,-71.05975
LB-159601,42.32256072,-71.10826877
LB-145480,42.34887,-71.152162
LB-143862,42.28577776,-71.09125061
LB-155715,42.30025631,-71.11310006
LB-155925,42.350918,-71.131529
LB-157964,42.28341977,-71.0555186
LB-154430,42.33507581,-71.03574226
LB-157969,42.37826604,-71.0608887
LB-154485,42.27339,-71.06795
LB-139202,42.34766922,-71.10594799
LB-153841,42.36874337,-71.03635019
LB-146396,42.375123,-71.038568
LB-154679,42.28738,-71.1492
LB-134078,42.34325792,-71.07250983
LB-149183,42.36216,-71.05749
LB-148028,34.24438675,-73.6513909
LB-144994,42.32841287,-71.08195321
LB-145840,42.34464375,-71.09951062
LB-138942,42.36243637,-71.13892332
LB-142552,42.35174928,-71.06317859
LB-143515,42.33014026,-71.08366243
LB-139777,42.38991627,-71.01235331
LB-135168,42.33831937,-71.07069698
LB-142546,42.25975,-71.15842
LB-142546,42.25975,-71.15842
LB-144133,42.27378256,-71.06785021
LB-125132,42.35199,-71.06439
LB-144278,42.34426675,-71.09988633
LB-134966,42.25553003,-71.1211114
LB-142890,42.375018,-71.03818
LB-143247,42.379657,-71.027741
LB-142550,42.34448274,-71.04388091
LB-126366,42.25578949,-71.12298968
LB-140281,42.31478,-71.05699
LB-139771,42.3406664,-71.1515204
LB-139226,42.367147,-71.036154
LB-135803,42.337071,-71.076601
LB-138939,42.34363,-71.07176
LB-140277,42.33135,-71.03707
LB-139598,42.258893,-71.12378
LB-139450,42.35171276,-71.06253381
LB-138053,42.369908,-71.037913
LB-139775,42.37721,-71.06636
LB-138284,42.351317,-71.131249
LB-139449,42.31909,-71.11164
LB-139452,42.34099,-71.08164
LB-138680,42.36141706,-71.06601868
LB-138923,42.32405,-71.05704
LB-134971,42.2871964,-71.12924106
LB-138437,42.353291,-71.132319
LB-139871,42.37861,-71.02936
LB-137391,42.35001,-71.04099
LB-138282,42.37698436,-71.03357277
LB-135812,42.28974,-71.06296
LB-135034,42.30440072,-71.05896125
LB-134980,42.25569365,-71.12080014
LB-138888,42.33542,-71.037
LB-133944,42.29388,-71.04627
LB-137619,34.24438675,-73.6513909
LB-130760,42.34515158,-71.0628322
LB-130760,42.34515158,-71.0628322
LB-128814,42.34968,-71.08305
LB-129675,42.30036,-71.11297
LB-130749,42.28611,-71.13703
LB-99482,34.24438675,-73.6513909
LB-98829,42.33041,-71.0584
LB-126508,42.3846,-71.00029
LB-127503,42.26957973,-71.14851664
LB-123817,42.3538,-71.13733
LB-126385,42.36564567,-71.06165505
LB-126410,,
LB-126649,34.24438675,-73.6513909
LB-126408,,
LB-115958,34.24438675,-73.6513909
LB-99554,42.36267,-71.13595
LB-121376,42.33487,-71.07545
LB-99665,42.36291646,-71.06416471
LB-124751,42.35171276,-71.06253381
LB-123506,,
LB-98915,42.35337847,-71.06197943
LB-124583,34.24438675,-73.6513909
LB-106825,,
LB-98873,34.24438675,-73.6513909
LB-99061,42.34042618,-71.05295894
LB-99429,42.32608734,-71.06361143
LB-99597,42.376005,-71.064725
LB-98879,34.24438675,-73.6513909
LB-99480,34.24438675,-73.6513909
LB-98872,34.24438675,-73.6513909
LB-99471,34.24438675,-73.6513909
LB-98831,42.28069,-71.04813
LB-99481,34.24438675,-73.6513909
LB-98838,42.25783,-71.12278
LB-99477,34.24438675,-73.6513909
LB-98878,34.24438675,-73.6513909
LB-98832,42.2928327,-71.09577289
LB-98837,42.37102,-71.039437
LB-99473,34.24438675,-73.6513909
LB-98882,34.24438675,-73.6513909
LB-98841,42.27152,-71.09401
LB-98846,42.33212654,-71.02702854
LB-98830,42.28303,-71.05628
LB-99478,34.24438675,-73.6513909
LB-99469,34.24438675,-73.6513909
LB-98876,34.24438675,-73.6513909
LB-98840,42.3382142,-71.05027524
LB-98834,42.30080615,-71.11514961
LB-99532,,
LB-99413,42.35375,-71.05925
LB-99095,42.354873,-71.132348
LB-99311,42.35551082,-71.06146353
LB-99765,42.34523,-71.08713
LB-99850,42.34233,-71.07514
LB-99416,34.24438675,-73.6513909
LB-99527,42.3650591,-71.05537825
LB-98805,42.35190124,-71.06616976
LB-98994,42.36367711,-71.13003844
LB-99738,42.35115218,-71.04534874
LB-99556,42.35311664,-71.13138157
LB-99214,42.34293827,-71.0688908
LB-99275,42.34809511,-71.15023204
LB-99015,34.24438675,-73.6513909
LB-99262,42.34895,-71.04899
LB-99189,42.3726,-71.06104
LB-99041,42.34621944,-71.04309939
LB-101886,42.28298,-71.05452
LB-98799,42.350867,-71.103634
LB-99322,42.35724219,-71.14260087
LB-99301,42.35352169,-71.0461291
LB-99674,42.35017879,-71.06061023
LB-99299,42.33927577,-71.05119114
LB-101864,,
LB-99760,42.36732,-71.05335
LB-101857,42.29969939,-71.08607809
LB-99142,42.34754806,-71.08435145
LB-102018,42.32416016,-71.07398869
LB-99545,42.36405,-71.05399
LB-101985,42.337071,-71.076601
LB-99645,42.340107,-71.091002
LB-99377,42.34489024,-71.09602571
LB-99032,42.31306625,-71.05742937
LB-104346,42.33980315,-71.05272981
LB-101872,42.29923,-71.11372
LB-99023,42.34315444,-71.1017783
LB-102040,42.32828,-71.0567
LB-101942,42.34004841,-71.05229161
LB-101876,,
LB-102061,42.33538,-71.03982
LB-99121,42.346771,-71.098711
LB-99321,42.364374,-71.061546
LB-99589,42.35146698,-71.06020914
LB-98847,42.35273,-71.07335
LB-99661,42.34886459,-71.15291893
LB-99412,42.32605564,-71.06310606
LB-101870,42.29618,-71.08075
LB-99337,42.35068,-71.07036
LB-98937,42.36457,-71.06144
LB-101613,42.35283,-71.0716
LB-98973,42.36407,-71.05936
LB-99039,42.3525,-71.06416
LB-99114,42.34761669,-71.0366936
LB-99660,42.37699,-71.03023
LB-99192,42.35769,-71.05302
LB-98913,42.359387,-71.054174
LB-99399,42.35277551,-71.04197706
LB-99799,42.36292,-71.05126
LB-98931,42.34958154,-71.08015916
LB-99060,42.33162,-71.03546
LB-99263,42.360853,-71.056685
LB-101917,42.33541,-71.08053
LB-99057,42.3359033,-71.03805471
LB-101863,,
LB-99498,42.2866,-71.13017
LB-99398,42.33113,-71.04634
LB-101859,42.30548,-71.06761
LB-101929,42.31834598,-71.08147147
LB-99221,42.35120429,-71.05760128
LB-99672,42.25935875,-71.15887088
LB-98802,42.28693,-71.129707
LB-99555,42.34220187,-71.08503068
LB-101983,42.34777016,-71.07965506
LB-99150,42.35738784,-71.14469092
LB-99771,42.3438137,-71.10169967
LB-99422,42.32168302,-71.09216832
LB-99188,42.33231316,-71.05329617
LB-101960,42.28618368,-71.13004895
LB-99335,,
LB-99773,42.35121,-71.06037
LB-99044,42.34602342,-71.06246091
LB-99180,42.35257491,-71.04214791
LB-99547,42.35308835,-71.13111907
LB-99251,34.24438675,-73.6513909
LB-99433,42.35228,-71.06622
LB-99601,42.32273,-71.10325
LB-99233,34.24438675,-73.6513909
LB-99683,42.35290223,-71.13298104
LB-101855,,
LB-99590,42.31143385,-71.11466174
LB-99058,42.33577243,-71.03593618
LB-99257,42.30053,-71.112809
LB-99300,34.24438675,-73.6513909
LB-99759,42.36338,-71.0526
LB-99866,42.36486,-71.06185
LB-99757,42.3363,-71.04743
LB-99123,42.358902,-71.146953
LB-98791,42.2997,-71.0444
LB-98930,42.36053582,-71.05485795
LB-99021,,
LB-99051,42.35128915,-71.0431969
LB-98936,42.344648,-71.096299
LB-98902,34.24438675,-73.6513909
LB-99796,42.35365833,-71.05821237
LB-101936,42.29278086,-71.12172026
LB-98896,42.37483495,-71.0670085
LB-101953,42.35650571,-71.06935635
LB-99495,42.35135,-71.05694
LB-98792,42.3076644,-71.08240593
LB-99763,42.33392,-71.10354
LB-99177,42.35668,-71.05257
LB-98888,42.2986053,-71.05757849
LB-101907,42.3498,-71.08244
LB-101939,42.29163,-71.072
LB-99717,42.35308848,-71.13115976
LB-99512,42.34679,-71.08871
LB-101952,42.3579422,-71.07020741
LB-99179,,
LB-99630,42.32878879,-71.05710863
LB-99612,42.379018,-71.02859
LB-99561,42.33579,-71.03757
LB-101970,42.285907,-71.110345
LB-99748,42.36434,-71.05416
LB-102020,42.3661,-71.05153
LB-99611,,
LB-101919,42.30567084,-71.11454894
LB-102023,42.33308,-71.10808
LB-99265,42.291827,-71.122157
LB-99307,42.35236123,-71.06155719
LB-99014,42.35142855,-71.05786026
LB-99005,42.3654,-71.05142
LB-101928,42.26830106,-71.17038238
LB-99137,42.36146998,-71.05683911
LB-99071,42.35852831,-71.05836352
LB-101911,42.34259,-71.09723
LB-99169,42.35310867,-71.04721985
LB-98901,,
LB-99420,42.361014,-71.056731
LB-101894,42.34130441,-71.0872781
LB-99052,42.36117,-71.05678
LB-98801,42.3571,-71.06652
LB-99269,42.30689663,-71.06663165
LB-98914,42.36169684,-71.05657696
LB-99816,42.35310867,-71.04721985
LB-99116,42.34679,-71.06942
LB-99441,42.34876475,-71.07807023
LB-99811,42.364414,-71.055372
LB-99240,42.39443,-71.00029
LB-99408,42.35979968,-71.06020106
LB-119003,42.28723,-71.12763
LB-99315,42.36684564,-71.05133978
LB-99165,34.24438675,-73.6513909
LB-101655,42.35745098,-71.06070032
LB-99201,34.24438675,-73.6513909
LB-99583,42.344946,-71.10057
LB-99358,42.35013,-71.07956
LB-101951,42.36031467,-71.07057059
LB-99647,42.337071,-71.076601
LB-99599,42.28648016,-71.12900841
LB-98949,42.34861795,-71.08361985
LB-98924,42.36102,-71.06319
LB-101932,42.31533,-71.09854
LB-99835,42.370601,-71.038751
LB-99149,42.370207,-71.039361
LB-99792,,
LB-99842,42.3438,-71.06631
LB-98974,42.36629,-71.0622
LB-98778,42.34823,-71.08505
LB-98977,42.36444408,-71.06267614
LB-99346,42.34882262,-71.07209873
LB-98995,42.36689329,-71.0599361
LB-99245,42.28609194,-71.06472836
LB-101904,42.37564057,-71.03934338
LB-99338,42.35687304,-71.06026035
LB-101576,42.34359254,-71.04466693
LB-99153,42.35946155,-71.05548049
LB-99755,42.28376,-71.05535
LB-101574,34.24438675,-73.6513909
LB-99191,42.34136,-71.07015
LB-101997,42.34982,-71.04804
LB-99457,42.34857,-71.07304
LB-99055,42.34461586,-71.0632575
LB-99130,42.34686,-71.08089
LB-99832,42.33508083,-71.15060807
LB-98972,42.365,-71.06095
LB-99122,42.35077415,-71.05837495
LB-98958,,
LB-99065,42.336005,-71.040421
LB-99161,42.35927,-71.05643
LB-99212,42.35811,-71.05933
LB-99662,42.37369,-71.038873
LB-99186,42.35466203,-71.06168473
LB-98952,42.34846,-71.08432
LB-99388,42.34927463,-71.04952067
LB-99205,42.25647,-71.12031
LB-99822,42.34181769,-71.07236372
LB-99305,42.34281933,-71.05657266
LB-98975,42.36629,-71.0622
LB-99341,42.36540106,-71.05866913
LB-99775,42.349586,-71.047643
LB-99241,42.34945284,-71.08223684
LB-99175,42.35343761,-71.05908246
LB-99743,42.34855,-71.09348
LB-99239,,
LB-99282,42.34994057,-71.04741078
LB-99806,42.31917903,-71.07754974
LB-99004,42.36432,-71.05135
LB-99104,42.33957341,-71.09420221
LB-99353,42.35651,-71.05332
LB-99653,42.34854,-71.09385
LB-99787,42.37539077,-71.03801867
LB-101642,42.38723936,-71.01655903
LB-99600,42.36328,-71.05525
LB-99025,42.353531,-71.062736
LB-99834,42.35172217,-71.04621096
LB-98964,42.34731219,-71.09448946
LB-101572,34.24438675,-73.6513909
LB-98960,42.35764332,-71.05363964
LB-99178,42.36407,-71.05331
LB-99581,42.30404322,-71.05907075
LB-99081,34.24438675,-73.6513909
LB-99649,42.31027123,-71.11522386
LB-99331,42.36629,-71.0622
LB-101871,,
LB-99749,42.3609785,-71.06466819
LB-99181,42.3583413,-71.05710699
LB-99343,42.25459,-71.12019
LB-99284,42.30016823,-71.11312127
LB-101992,42.350722,-71.131411
LB-99250,42.351346,-71.064584
LB-99541,42.36321155,-71.05595159
LB-102024,42.286416,-71.137433
LB-99375,42.34693814,-71.08168934
LB-99048,42.31816835,-71.05692041
LB-99716,42.33682453,-71.15147128
LB-99588,42.347065,-71.085643
LB-99820,42.338556,-71.075908
LB-99486,42.34333,-71.06601
LB-99029,42.35068063,-71.07736159
LB-99144,42.35486,-71.06236
LB-99444,42.28420863,-71.0644731
LB-99093,42.35116,-71.13119
LB-99011,42.35276122,-71.13179059
LB-99544,42.34679,-71.10573
LB-99544,42.34679,-71.10573
LB-99172,42.32372649,-71.06807869
LB-99040,42.34816192,-71.08088693
LB-99744,42.35276,-71.13185
LB-99053,34.24438675,-73.6513909
LB-101644,42.34859,-71.08869
LB-99370,42.35473,-71.06211
LB-99355,42.34716,-71.08251
LB-101912,42.24392211,-71.13805878
LB-99666,42.28632,-71.154101
LB-99668,42.33646,-71.07653
LB-99491,42.36299461,-71.05504363
LB-99077,42.34983227,-71.07057885
LB-99009,42.343679,-71.072625
LB-98910,42.3899,-70.99673
LB-99360,42.34972038,-71.0700099
LB-99764,42.35991,-71.063085
LB-98899,42.34945284,-71.08223684
LB-99381,34.24438675,-73.6513909
LB-99624,42.31263778,-71.0574925
LB-99767,42.34234071,-71.07052982
LB-98906,42.35523331,-71.06160211
LB-99406,42.37131493,-71.06113252
LB-98981,42.34238409,-71.05674724
LB-101957,42.32013828,-71.06256036
LB-99117,42.36564567,-71.06165505
LB-99324,42.34621944,-71.04309939
LB-98806,42.33771,-71.08514
LB-99167,42.34879217,-71.08627113
LB-98781,42.34859,-71.08904
LB-99392,42.350585,-71.058431
LB-98992,42.36096157,-71.0549468
LB-101653,34.24438675,-73.6513909
LB-99128,34.24438675,-73.6513909
LB-99260,42.35124072,-71.06471217
LB-99295,42.33718577,-71.04358667
LB-99791,42.35675591,-71.05858174
LB-99393,42.348701,-71.081632
LB-99125,42.37889,-71.02888
LB-101963,42.32866711,-71.07908029
LB-99423,42.34380187,-71.07235093
LB-98970,42.36093,-71.06901
LB-99689,42.34691901,-71.03415791
LB-99770,42.35242273,-71.12892911
LB-99655,42.38594,-71.00511
LB-99255,42.34754806,-71.08435145
LB-99019,42.34849386,-71.0958084
LB-99036,42.34754806,-71.08435145
LB-99270,42.35122289,-71.06820914
LB-99453,42.33203451,-71.05275791
LB-99421,42.34359254,-71.04466693
LB-101878,34.24438675,-73.6513909
LB-99615,42.28702,-71.12948
LB-99222,42.3050668,-71.1144491
LB-99258,42.33723839,-71.08361531
LB-99183,42.35001,-71.04099
LB-99333,42.347065,-71.085643
LB-101623,42.3254181,-71.0584094
LB-99415,34.24438675,-73.6513909
LB-101891,42.35490821,-71.14299193
LB-98790,42.34185,-71.09126
LB-99808,42.37853,-71.035
LB-99829,42.36298,-71.05557
LB-99261,42.35114,-71.06076
LB-101570,42.35002,-71.0695
LB-101652,42.348943,-71.064316
LB-98976,42.36696332,-71.05818088
LB-99111,42.34423951,-71.03113361
LB-98894,,
LB-99680,42.346842,-71.088506
LB-99511,42.349345,-71.156794
LB-101634,34.24438675,-73.6513909
LB-99712,42.36467601,-71.05565847
LB-99026,42.34874,-71.083445
LB-101920,42.35853469,-71.05707057
LB-99369,42.34533,-71.10015
LB-99722,42.37816827,-71.02887017
LB-102011,42.341163,-71.14674385
LB-99220,42.35977087,-71.05469858
LB-101996,42.3506426,-71.08958854
LB-101660,42.34621944,-71.04309939
LB-99620,42.35087175,-71.06054324
LB-99354,42.34429899,-71.07191465
LB-101647,42.3494021,-71.04123178
LB-99105,,
LB-101922,42.35505,-71.06209
LB-99050,42.322159,-71.056601
LB-99082,42.36165,-71.05708
LB-99518,42.35216381,-71.12183785
LB-99309,42.36195933,-71.14220835
LB-99618,42.35152,-71.06065
LB-99652,42.35166197,-71.06096989
LB-98982,42.32199,-71.10926
LB-99682,42.35103923,-71.06255977
LB-99249,42.35150102,-71.06448623
LB-99592,42.350966,-71.060128
LB-99860,42.349403,-71.155309
LB-101632,42.35125132,-71.06937509
LB-101921,42.37491,-71.06367
LB-99049,42.33631883,-71.04763594
LB-99056,42.35721873,-71.05245366
LB-99099,42.37652626,-71.03379867
LB-99228,34.24438675,-73.6513909
LB-99363,42.35933,-71.05462
LB-98996,42.32008,-71.06264
LB-101567,42.36501607,-71.06117955
LB-101617,42.35221031,-71.06809002
LB-98909,42.34575,-71.10049
LB-99795,34.24438675,-73.6513909
LB-99045,42.3506328,-71.04938365
LB-99625,42.34288086,-71.04539518
LB-99089,42.36557892,-71.05271881
LB-101999,42.34988,-71.16428
LB-98923,42.34942,-71.05037
LB-99157,42.35114334,-71.06894958
LB-101631,42.35663049,-71.05427945
LB-99566,42.3448,-71.08944
LB-99434,42.34325792,-71.07250983
LB-99800,42.3507,-71.07617
LB-101959,42.349301,-71.140035
LB-99287,42.35091422,-71.04740595
LB-101910,42.33224,-71.0966
LB-99070,42.34288086,-71.04539518
LB-99034,42.34995,-71.05033
LB-101927,42.29643417,-71.15680867
LB-99638,42.35110134,-71.05871853
LB-99119,42.35190357,-71.03743437
LB-98968,42.36100314,-71.06392801
LB-99236,42.35126,-71.06375
LB-99085,42.363223,-71.054789
LB-99285,42.344699,-71.071387
LB-101581,42.36047931,-71.07056947
LB-99109,42.35449,-71.05422
LB-99818,42.31080203,-71.11445854
LB-99382,42.37317232,-71.05009234
LB-98980,42.28080204,-71.15791131
LB-101977,42.31848,-71.05047
LB-99569,42.36362,-71.05442
LB-98969,42.36098584,-71.06661067
LB-99522,42.34853376,-71.0361072
LB-99656,42.33890326,-71.07594965
LB-98918,42.35965031,-71.05594969
LB-99154,42.34731219,-71.09448946
LB-101962,42.27126,-71.1052
LB-98786,42.30928,-71.044382
LB-99018,42.349476,-71.095528
LB-99786,42.36323955,-71.05485223
LB-99243,42.33800677,-71.0356803
LB-99380,42.3485243,-71.07325151
LB-99126,,
LB-99330,42.347065,-71.085643
LB-101619,42.34852174,-71.09509949
LB-99280,42.35451237,-71.04430739
LB-99762,42.36427,-71.05536
LB-99158,42.3221357,-71.0469012
LB-99576,42.33542,-71.03786
LB-99197,42.3518595,-71.0696698
LB-99147,42.36533856,-71.05985244
LB-98797,42.30355,-71.0528
LB-99022,42.35702339,-71.06017737
LB-99340,42.38637575,-71.00704152
LB-99627,34.24438675,-73.6513909
LB-99500,42.34209,-71.07029
LB-98989,42.3508693,-71.06550219
LB-99557,42.34067349,-71.15173045
LB-98925,42.34794413,-71.04105174
LB-99325,42.35310867,-71.04721985
LB-99359,42.36461519,-71.06238286
LB-101627,42.34835388,-71.07861023
LB-99438,42.35398644,-71.06234657
LB-99155,42.33471,-71.10204
LB-99436,42.31459334,-71.10381561
LB-99027,42.342794,-71.066726
LB-99246,42.35712256,-71.06092829
LB-98928,34.24438675,-73.6513909
LB-98938,42.333456,-71.103153
LB-101925,42.33723839,-71.08361531
LB-99042,42.34456908,-71.10065583
LB-99585,42.348617,-71.085334
LB-101882,42.33336256,-71.02731148
LB-99017,42.346771,-71.098711
LB-99517,42.35833,-71.07039
LB-99424,42.35005135,-71.04848093
LB-99724,42.36421,-71.05536
LB-99774,42.36616123,-71.05264067
LB-101621,42.34645,-71.08526
LB-99162,42.35464026,-71.04525258
LB-99043,42.27317,-71.06801
LB-99394,42.34741,-71.10321
LB-99244,42.3429936,-71.09935913
LB-99176,42.35382541,-71.1375953
LB-98811,42.35151342,-71.07777859
LB-101666,42.34575,-71.10049
LB-99033,34.24438675,-73.6513909
LB-99215,42.34849824,-71.09622054
LB-98965,42.34732433,-71.09817602
LB-98933,42.34912992,-71.07961839
LB-99376,42.36203035,-71.0703621
LB-99633,42.34956,-71.13491
LB-101873,42.30844396,-71.08354024
LB-101624,42.348545,-71.077314
LB-99173,42.34551,-71.08107
LB-99616,42.35308144,-71.13062406
LB-101579,42.33590919,-71.14924597
LB-101656,42.370607,-71.060502
LB-99409,42.35628619,-71.05750069
LB-99139,42.36134535,-71.05679196
LB-99448,42.34734172,-71.09508115
LB-99107,42.341323,-71.084481
LB-99450,42.34626,-71.07288
LB-99669,42.347328,-71.098676
LB-99386,42.34923102,-71.07865866
LB-99454,42.35389048,-71.06266445
LB-99503,42.35431603,-71.06215008
LB-99686,42.36512,-71.05339
LB-99437,42.34612248,-71.0455997
LB-101626,42.34551,-71.08107
LB-98803,42.2863,-71.13052
LB-98784,42.3561,-71.05695
LB-101877,42.3177,-71.06701
LB-99320,42.35390295,-71.13703003
LB-99788,42.34849386,-71.0958084
LB-99103,,
LB-99622,42.2866,-71.13017
LB-101645,42.35919866,-71.02719173
LB-101879,42.33575842,-71.0379002
LB-99639,42.35108,-71.13111
LB-98935,42.3568861,-71.05993915
LB-99403,42.36405,-71.05368
LB-99235,42.35056179,-71.04616943
LB-99352,34.24438675,-73.6513909
LB-101862,42.350679,-71.076273
LB-99286,42.287388,-71.127396
LB-99654,42.35042097,-71.06000034
LB-99037,42.333112,-71.027318
LB-99439,42.35806,-71.06972
LB-99314,42.36581721,-71.05944131
LB-99609,42.34484148,-71.10244902
LB-99607,42.34679,-71.08871
LB-101915,42.38599,-71.00526
LB-99141,42.33693671,-71.07588062
LB-99283,42.35772,-71.05907
LB-104345,42.32810681,-71.06823256
LB-98890,42.36196743,-71.05067123
LB-99008,42.36465,-71.06063
LB-102019,42.28084,-71.13438
LB-99830,42.37666598,-71.05651446
LB-99629,42.34155284,-71.1542786
LB-101569,42.35204471,-71.06532823
LB-101889,,
LB-99156,42.35827,-71.0533
LB-99067,42.34861,-71.07882
LB-99317,42.35059,-71.04938
LB-99146,42.34064745,-71.08232016
LB-98895,42.36252001,-71.05072071
LB-101568,42.35038,-71.06541
LB-99310,42.3432,-71.08656
LB-99227,42.35872715,-71.05260415
LB-99272,42.34996,-71.06617
LB-99389,42.34644706,-71.07528132
LB-99623,42.35564696,-71.06255902
LB-99706,42.36337972,-71.05396178
LB-99304,42.33703932,-71.04768957
LB-101893,42.376744,-71.056442
LB-98919,34.24438675,-73.6513909
LB-99336,42.353827,-71.059166
LB-99068,42.3644076,-71.06047044
LB-99538,42.31253482,-71.11435435
LB-101663,42.36393374,-71.06246101
LB-101640,42.3500439,-71.06546316
LB-99259,42.36533856,-71.05985244
LB-98900,42.35307,-71.06292
LB-99727,42.365582,-71.058131
LB-98955,34.24438675,-73.6513909
LB-99234,42.35310867,-71.04721985
LB-99640,34.24438675,-73.6513909
LB-101980,42.34723684,-71.05064324
LB-99526,42.36372,-71.05425
LB-101898,42.28563,-71.11914
LB-101998,42.34244717,-71.05596592
LB-101580,42.3508693,-71.06550219
LB-101580,42.3508693,-71.06550219
LB-101637,42.36021437,-71.05067647
LB-99293,34.24438675,-73.6513909
LB-99761,42.36095,-71.067989
LB-99229,42.3648,-71.0608
LB-99729,42.36405402,-71.05573362
LB-99288,34.24438675,-73.6513909
LB-99873,42.2860438,-71.15566814
LB-101979,42.30069757,-71.11263853
LB-99252,42.350447,-71.064784
LB-99054,,
LB-101913,42.271683,-71.07348
LB-99316,42.37227564,-71.06168935
LB-99782,42.343895,-71.071263
LB-99209,42.338415,-71.049876
LB-99318,42.285186,-71.129254
LB-99207,42.268188,-71.093056
LB-101615,42.3454408,-71.09695844
LB-98804,42.32662,-71.0583
LB-99455,42.36455,-71.05571
LB-99723,42.35324316,-71.13664906
LB-99151,42.3606281,-71.05664752
LB-99402,42.36053582,-71.05485795
LB-101978,42.35106807,-71.05714964
LB-99602,42.35838,-71.07042
LB-101899,42.28028071,-71.11913738
LB-99425,42.3481743,-71.0828743
LB-99732,34.24438675,-73.6513909
LB-98898,42.36334831,-71.0545593
LB-99323,42.29923,-71.11372
LB-101906,42.359225,-71.065661
LB-99400,42.34824857,-71.07269081
LB-99100,34.24438675,-73.6513909
LB-99225,42.35958,-71.05404
LB-98891,42.34853737,-71.03873299
LB-101885,42.28381955,-71.04483972
LB-98927,42.34230403,-71.05383475
LB-99110,42.34575371,-71.08401153
LB-98942,,
LB-98946,42.34922152,-71.0815887
LB-99113,42.34453485,-71.10275503
LB-99124,42.35838,-71.06178
LB-99567,42.3423266,-71.09695163
LB-98963,42.34379834,-71.10139869
LB-99281,42.30628,-71.10743
LB-99206,42.35125132,-71.06937509
LB-101875,42.31082,-71.11487
LB-99535,42.34324624,-71.14270995
LB-99582,42.35200705,-71.05991225
LB-99418,42.28316,-71.05602
LB-99807,42.38717,-71.0086
LB-99741,42.343447,-71.068707
LB-99586,42.37364753,-71.06239011
LB-99020,42.35136209,-71.06874091
LB-99552,42.35076227,-71.06134836
LB-98812,34.24438675,-73.6513909
LB-98979,34.24438675,-73.6513909
LB-99012,42.35021,-71.13215
LB-102001,,
LB-99529,42.35704,-71.06017
LB-99347,42.33513903,-71.04595004
LB-101901,42.28067989,-71.15855629
LB-98961,42.35137726,-71.06548155
LB-98940,42.34862,-71.08407
LB-99533,42.3508,-71.0602
LB-101573,42.344737,-71.095964
LB-101641,42.357493,-71.060101
LB-99726,42.36337175,-71.05579911
LB-99751,42.35859,-71.07049
LB-99426,42.33975009,-71.08239841
LB-102048,42.26077709,-71.15712149
LB-99115,42.34611,-71.09884
LB-99736,42.3358,-71.03763
LB-99536,42.357234,-71.070195
LB-98953,42.34805167,-71.08576705
LB-99504,42.35374493,-71.05301188
LB-99219,42.28625,-71.07182
LB-98921,42.35833626,-71.06258112
LB-99687,42.34931,-71.08274
LB-99604,42.350769,-71.060935
LB-98904,42.35058614,-71.08976091
LB-99570,42.35664,-71.06994
LB-99670,42.34727792,-71.0754514
LB-101629,42.3382163,-71.1065612
LB-99366,42.35061,-71.07967
LB-98998,42.34624317,-71.07520011
LB-99134,,
LB-99289,,
LB-99559,42.32837,-71.08064
LB-99345,42.352636,-71.131291
LB-99595,42.36366275,-71.05188845
LB-99195,42.3656102,-71.05597013
LB-99396,34.24438675,-73.6513909
LB-99445,42.348928,-71.040843
LB-98795,42.33793,-71.04892
LB-98945,42.34935,-71.08121
LB-99831,42.36369,-71.05591
LB-98828,42.28452,-71.1556
LB-99378,42.34729681,-71.08145746
LB-98978,42.293937,-71.13618
LB-99427,42.35814,-71.06152
LB-99485,42.28678633,-71.12995785
LB-99242,42.33981,-71.04354
LB-102032,42.33253003,-71.06664005
LB-99349,42.32227216,-71.06084833
LB-102064,42.35469,-71.05379
LB-99431,42.3637,-71.13638
LB-101657,42.36421,-71.06134
LB-99417,42.35762,-71.06279
LB-99145,42.35029,-71.08951
LB-98957,42.3526,-71.1306
LB-102008,42.38249,-71.03909
LB-98932,42.35135,-71.07187
LB-99066,,
LB-99164,42.34729681,-71.08145746
LB-99804,42.314816,-71.114315
LB-98934,42.36734944,-71.07060328
LB-99658,42.34801764,-71.03583604
LB-101880,42.33150142,-71.04207068
LB-99676,42.34477349,-71.09827882
LB-99226,42.36399,-71.05357
LB-99783,42.34376,-71.07146
LB-101648,42.31902488,-71.04500705
LB-99390,42.34890171,-71.15252935
LB-99447,42.33615,-71.04718
LB-99648,42.34452,-71.07018
LB-99076,42.34175989,-71.08736094
LB-98893,42.35006187,-71.06582049
LB-99711,42.364414,-71.055372
LB-99143,42.34968,-71.04281
LB-99294,42.351434,-71.063278
LB-101887,42.29878,-71.06296
LB-99152,42.35464026,-71.04525258
LB-98903,42.36451,-71.06171
LB-99709,42.3631966,-71.05627939
LB-99407,42.35464,-71.05374
LB-99075,42.34169161,-71.05685388
LB-99148,42.369961,-71.039351
LB-99217,42.34716365,-71.09908117
LB-101571,42.35200047,-71.11942566
LB-99024,42.348878,-71.152342
LB-99256,42.34400888,-71.09878411
LB-99013,42.34982,-71.13342
LB-99334,42.28635,-71.09111
LB-99166,42.35315,-71.06403
LB-99404,42.33478133,-71.15051468
LB-99202,42.35084,-71.07311
LB-102059,42.33679149,-71.07694082
LB-98780,42.35139,-71.08185
LB-99088,42.36349215,-71.0549905
LB-99705,34.24438675,-73.6513909
LB-99756,42.34954,-71.15313
LB-99488,42.342141,-71.065789
LB-98954,42.352854,-71.132515
LB-99790,42.35724017,-71.07026957
LB-98984,42.31124,-71.11473
LB-99603,42.35998,-71.071
LB-99497,42.35063705,-71.04844329
LB-99297,42.3465416,-71.05106719
LB-99865,42.351269,-71.060789
LB-99247,42.344844,-71.07098507
LB-99826,42.31478038,-71.11427902
LB-99383,42.35167,-71.07034
LB-101916,42.31248,-71.05504
LB-99608,42.29799,-71.04993
LB-98966,42.34612,-71.09929
LB-99132,42.35778,-71.14858
LB-99098,42.36564567,-71.06165505
LB-99298,42.3430269,-71.05702989
LB-101965,42.29752,-71.06078
LB-99753,42.36388,-71.05416
LB-98809,42.2915031,-71.03891089
LB-99163,42.35089,-71.07854
LB-101975,42.23998115,-71.14143821
LB-99274,34.24438675,-73.6513909
LB-99685,42.35200795,-71.04255904
LB-101914,42.32933,-71.08496
LB-99644,42.35148,-71.06045
LB-98926,42.348481,-71.084239
LB-98962,42.34995058,-71.06750056
LB-99440,42.3542453,-71.05484011
LB-99072,42.36053582,-71.05485795
LB-98783,42.24166,-71.14034
LB-99758,42.38626743,-71.00737921
LB-99758,42.38626743,-71.00737921
LB-98948,42.35477,-71.05613
LB-102058,42.35002,-71.16567
LB-98939,42.37419,-71.06311
LB-99650,42.34479724,-71.07098098
LB-101622,42.34912992,-71.07961839
LB-99120,,
LB-101945,42.36091313,-71.137637
LB-99069,42.35906475,-71.05932596
LB-99218,42.36407841,-71.06114946
LB-98971,42.35611168,-71.13262944
LB-99739,42.34400888,-71.09878411
LB-99271,42.35077638,-71.06622927
LB-101643,42.35339141,-71.06073721
LB-99237,42.34941748,-71.0717786
LB-99575,42.3414,-71.08034
LB-99516,42.360364,-71.070575
LB-98950,42.35577657,-71.05952558
LB-99365,42.34857969,-71.07445967
LB-99047,42.31897,-71.05648
LB-99540,42.33876415,-71.09884464
LB-99540,42.33876415,-71.09884464
LB-99458,42.35537,-71.13028
LB-98911,42.35577657,-71.05952558
LB-99129,42.36016482,-71.04951266
LB-101900,,
LB-99642,42.34743051,-71.07743588
LB-99306,42.35446545,-71.05529865
LB-99449,42.34949,-71.08905
LB-98988,42.37948,-71.02739
LB-99442,42.35577,-71.05838
LB-99510,42.27600272,-71.16722292
LB-99277,42.34996457,-71.06546709
LB-99078,42.349444,-71.084498
LB-99253,42.33934096,-71.08065462
LB-99489,,
LB-99238,42.35119528,-71.06416159
LB-99387,42.344946,-71.10057
LB-99802,42.35081,-71.07581
LB-99200,42.35068816,-71.0646687
LB-99568,42.37829,-71.03215
LB-99159,42.35137,-71.04881
LB-101973,42.34833,-71.08626
LB-99733,,
LB-99133,,
LB-101852,42.28522568,-71.09143367
LB-101566,42.35077,-71.06623
LB-98793,42.348857,-71.15198
LB-98943,42.35193,-71.07166
LB-99435,42.338328,-71.049724
LB-99073,42.35068816,-71.0646687
LB-99007,34.24438675,-73.6513909
LB-98905,42.34842031,-71.09747141
LB-101847,42.33646374,-71.14941475
LB-101625,42.34724818,-71.07886962
LB-98985,42.35959283,-71.05395148
LB-99870,34.24438675,-73.6513909
LB-101993,42.35449,-71.134409
LB-99357,34.24438675,-73.6513909
LB-98889,42.346725,-71.069653
LB-99546,42.36402,-71.0545
LB-99224,42.353,-71.06405
LB-99707,42.36372506,-71.05494337
LB-99339,42.34957,-71.10598
LB-99035,42.30591,-71.0586
LB-99837,42.36566,-71.05779
LB-101620,42.34657,-71.08384
LB-99312,42.37623182,-71.03562911
LB-99730,42.34335576,-71.14263166
LB-99379,42.35987,-71.05398
LB-98944,42.349589,-71.080292
LB-99579,42.3429128,-71.07299446
LB-99362,42.364563,-71.05416
LB-101969,42.31888,-71.05648
LB-98808,42.380893,-71.011853
LB-99108,42.34924156,-71.08444872
LB-101895,42.33373893,-71.10525019
LB-99825,42.36453,-71.05349
LB-99859,42.34428736,-71.03612392
LB-99432,42.34165001,-71.06928057
LB-99836,42.3492,-71.08312
LB-98796,42.38393,-71.07064
LB-101665,42.34966,-71.08314
LB-99368,42.35958,-71.05404
LB-99046,42.33048868,-71.0567306
LB-99395,42.35943,-71.05113
LB-99213,,
LB-99713,42.34272657,-71.05651911
LB-102036,42.36509,-71.05559
LB-99410,42.36020795,-71.05076264
LB-99428,42.34163114,-71.06961289
LB-102021,42.35163889,-71.12412329
LB-99031,42.28397018,-71.05527122
LB-99106,42.342524,-71.085826
LB-99617,42.348545,-71.077314
LB-101989,,
LB-99292,42.35422754,-71.04562177
LB-101850,42.28848906,-71.08974
LB-99296,42.34192,-71.05524
LB-99514,42.36505481,-71.06140977
LB-99745,34.24438675,-73.6513909
LB-99531,42.34852711,-71.13910635
LB-101908,42.36307112,-71.05383627
LB-99419,42.34122683,-71.07053087
LB-99519,42.36019982,-71.0547982
LB-99038,42.29923919,-71.06059427
LB-101659,42.35692,-71.06965
LB-98983,,
LB-101633,42.35590681,-71.05016517
LB-101577,42.35227561,-71.04378094
LB-99784,42.34938,-71.084014
LB-99006,42.36019982,-71.0547982
LB-99785,42.33898734,-71.10769427
LB-98967,42.382197,-71.07937
LB-99160,42.35297465,-71.05236569
LB-99059,42.3312513,-71.04128105
LB-98892,34.24438675,-73.6513909
LB-99391,42.34928278,-71.07065159
LB-99657,34.24438675,-73.6513909
LB-98787,42.3574655,-71.06263135
LB-99636,42.335339,-71.04242
LB-98917,42.34855,-71.07731
LB-98807,42.32329,-71.07665
LB-99852,42.34985304,-71.05771706
LB-99573,42.34836397,-71.09769727
LB-99182,42.35079785,-71.04279827
LB-99684,42.35072421,-71.06097954
LB-101843,42.28819564,-71.05514176
LB-101926,34.24438675,-73.6513909
LB-99101,,
LB-99539,34.24438675,-73.6513909
LB-99605,42.29625269,-71.15687232
LB-99361,42.36652,-71.05788
LB-99230,42.35927,-71.05643
LB-101851,42.3214,-71.07724
LB-98947,42.34729681,-71.08145746
LB-99097,42.353504,-71.13237821
LB-99223,42.33987877,-71.07261047
LB-99781,42.35245,-71.04855
LB-101935,42.34889,-71.15328
LB-99628,34.24438675,-73.6513909
LB-98810,42.29396,-71.08371
LB-99328,42.34496042,-71.03767731
LB-99817,42.35075,-71.13098
LB-99374,42.28595,-71.15582
LB-101664,42.3541,-71.05228
LB-101984,42.34204854,-71.06758447
LB-101902,42.34988,-71.0893
LB-99329,34.24438675,-73.6513909
LB-99719,42.34383416,-71.09937809
LB-101890,42.32709,-71.06764
LB-99248,42.33384212,-71.10334114
LB-99273,42.35723252,-71.06097932
LB-98907,42.35598173,-71.07129926
LB-101958,42.34818,-71.13995
LB-101888,42.31287571,-71.06502116
LB-99737,42.364531,-71.055371
LB-98986,42.35959,-71.05386
LB-99083,42.36412,-71.05438
LB-98990,42.356898,-71.070971
LB-101934,42.34895,-71.15456
LB-102051,42.33247073,-71.05128008
LB-99524,42.35115,-71.0604
LB-101918,42.34418,-71.14335
LB-101853,42.28284504,-71.09149879
LB-99563,42.355123,-71.134062
LB-101867,,
LB-99525,42.35250265,-71.11858057
LB-99534,42.35215268,-71.12169331
LB-99332,42.34651,-71.07976
LB-99232,42.29625269,-71.15687232
LB-101931,42.32415,-71.08906
LB-99793,,
LB-99170,42.36055355,-71.0547111
LB-101661,42.34794215,-71.03951256
LB-99572,42.35092,-71.07668
LB-99704,42.35032,-71.13187
LB-99002,42.36298,-71.05557
LB-99351,42.36467,-71.05276
LB-101930,42.33149087,-71.08254167
LB-98922,42.3635,-71.05386
LB-99411,42.346725,-71.069653
LB-99797,42.37529,-71.0383
LB-102034,42.286819,-71.12987
LB-102028,42.35817138,-71.06251937
LB-99086,42.36414,-71.05435
LB-99720,42.363247,-71.054762
LB-101856,42.30505,-71.08433
LB-98782,42.35074376,-71.10903811
LB-99855,42.33363,-71.10549
LB-99087,34.24438675,-73.6513909
LB-99766,42.34092351,-71.08819051
LB-99827,42.34982,-71.08927
LB-99857,42.33201,-71.08248
LB-98789,42.3485,-71.07476
LB-98798,42.35216635,-71.11768034
LB-99030,42.35112,-71.07758
LB-99664,42.34881,-71.09936
LB-99528,42.34958364,-71.09978559
LB-99610,42.34651,-71.07976
LB-102017,42.34114628,-71.08149036
LB-99641,42.35216635,-71.11768034
LB-101654,42.37023461,-71.03186819
LB-99203,42.36003829,-71.0562287
LB-98993,42.3606281,-71.05664752
LB-101651,42.35841,-71.06197
LB-99862,42.37608,-71.0361
LB-99094,34.24438675,-73.6513909
LB-99821,42.35692819,-71.06031352
LB-99740,42.38711579,-71.00630955
LB-99204,42.36418,-71.05538
LB-99291,42.34910346,-71.0388892
LB-101938,42.26106,-71.15755
LB-99634,42.36593808,-71.06329249
LB-98991,42.35940601,-71.05407072
LB-98959,42.35838542,-71.05394889
LB-99646,42.35175769,-71.06449117
LB-99010,42.35072796,-71.13097005
LB-101854,42.2684,-71.09422
LB-99210,42.36968,-71.03866
LB-99746,42.36291968,-71.0556301
LB-101650,42.35744,-71.05316
LB-102053,42.3703,-71.03806
LB-99710,42.36428692,-71.05562859
LB-101982,42.36486,-71.06185
LB-99342,42.35913,-71.05419
LB-99092,42.34189,-71.07978
LB-99131,42.37388388,-71.06280716
LB-99199,42.35725461,-71.05958063
LB-99074,42.35705,-71.05283
LB-99863,42.34951847,-71.09525622
LB-99778,42.36365715,-71.05483081
LB-102046,42.27221662,-71.06919402
LB-99102,42.34942981,-71.08062955
LB-99679,42.34442333,-71.09910608
LB-101630,42.36069929,-71.05634218
LB-99671,42.36422768,-71.03254982
LB-99003,42.3630842,-71.0549483
LB-99571,42.360991,-71.066822
LB-99001,42.35122289,-71.06820914
LB-99577,42.34220608,-71.08619953
LB-99350,42.36397,-71.05454
LB-101981,42.33216751,-71.03709154
LB-101968,42.32890266,-71.0570814
LB-99523,42.34198972,-71.08708129
LB-99593,42.34464375,-71.09951062
LB-99721,42.36328,-71.05408
LB-99718,42.35138396,-71.06002844
LB-99777,42.3639,-71.05477
LB-99135,42.3499,-71.15277
LB-101943,42.34297,-71.07841
LB-99530,42.34577,-71.08734
LB-99776,42.34973,-71.08116
LB-99651,42.35302,-71.13052
LB-99138,42.29176602,-71.04036544
LB-102010,42.35268,-71.12333
LB-101974,42.30123,-71.06007
LB-99598,42.34854,-71.09422
LB-101667,42.36203035,-71.0703621
LB-98788,42.27366,-71.1693
LB-102037,42.24340386,-71.14267068
LB-99112,42.25062,-71.12573
LB-99276,42.34518,-71.06448
LB-99626,42.35101,-71.06162
LB-99080,42.34887565,-71.03839094
LB-101924,42.34314,-71.07372
LB-99584,42.37527044,-71.0544745
LB-101947,42.38011,-71.02607
LB-99443,42.35916002,-71.05429182
LB-101909,42.32992,-71.05298
LB-99520,42.357986,-71.054346
LB-101662,42.35004,-71.07857
LB-99769,42.34284,-71.07861
LB-99194,42.34081,-71.06744
LB-101646,42.35913,-71.05281
LB-99231,42.36564567,-71.06165505
LB-99364,42.35086718,-71.07188452
LB-99621,42.31179015,-71.11453017
LB-99187,42.35369159,-71.04829376
LB-99090,42.34400888,-71.09878411
LB-99344,42.336581,-71.037278
LB-101675,42.34860046,-71.07881823
LB-99385,42.35744,-71.06982
LB-102044,42.34112,-71.07063
LB-101944,42.237178,-71.132471
LB-101940,42.35044,-71.16784
LB-101933,42.31506,-71.09877
LB-99613,42.35142926,-71.06269817
LB-102035,42.29060997,-71.0728256
LB-99548,42.33691,-71.15157
LB-102013,42.33082,-71.09777
LB-101658,42.34915857,-71.07243182
LB-98920,42.34657915,-71.07535776
LB-102009,42.29334418,-71.13685959
LB-99754,42.33464,-71.0356
LB-99565,42.35084,-71.07879
LB-99562,42.35422754,-71.04562177
LB-102052,42.31236453,-71.11396839
LB-101884,42.37526424,-71.05448509
LB-99606,42.36335,-71.05584
LB-99772,42.353633,-71.057366
LB-101578,42.379899,-71.026814
LB-99493,42.353895,-71.048576
LB-101972,42.33513541,-71.04597435
LB-99264,42.3616,-71.05706
LB-99198,42.34843,-71.08442
LB-99319,42.34575371,-71.08401153
LB-101636,,
LB-99127,34.24438675,-73.6513909
LB-99367,42.36361197,-71.13003307
LB-99267,,
LB-98779,42.351588,-71.08093
LB-99819,42.36728654,-71.03573919
LB-101923,42.33388,-71.10344
LB-102039,42.35017,-71.05127
LB-98999,42.35136343,-71.06909976
LB-99542,42.34320474,-71.08674916
LB-102050,42.35086718,-71.07188452
LB-98956,42.35305,-71.13417
LB-99091,42.34743051,-71.07743588
LB-102012,42.36544,-71.05756
LB-99136,42.2867,-71.04513
LB-99643,42.35825,-71.06224
LB-99184,42.34863652,-71.03779034
LB-99401,42.35678,-71.052
LB-102027,42.35477107,-71.14647612
LB-98987,42.37264,-71.03526
LB-99168,42.36071813,-71.05645551
LB-99659,42.34975,-71.08108
LB-99810,42.36019982,-71.0547982
LB-101954,42.32265,-71.1016
LB-101868,42.3538,-71.13733
LB-99564,42.28589181,-71.1542642
LB-99063,42.34853737,-71.03873299
LB-99812,42.35079704,-71.07584862
LB-99079,42.28237629,-71.04765865
LB-99308,42.35096007,-71.06477513
LB-98997,42.34854923,-71.07237063
LB-101860,42.34565,-71.08728
LB-101858,42.37570237,-71.04045161
LB-98916,42.35941721,-71.05112964
LB-99809,42.34716,-71.08251
LB-101883,42.26682869,-71.09489009
LB-99550,42.36019982,-71.0547982
LB-99537,42.33405287,-71.03509166
LB-99871,42.36117,-71.05678
LB-101866,42.36097,-71.066211
LB-101937,42.27626,-71.13884
LB-99678,42.32228,-71.10956
LB-99742,42.36564,-71.0527
LB-99824,42.36488,-71.05315
LB-99632,42.3223372,-71.10927054
LB-101995,42.28336244,-71.13166929
LB-101946,42.35112,-71.06011
LB-101955,,
LB-99451,34.24438675,-73.6513909
LB-99452,34.24438675,-73.6513909
LB-99254,42.34464,-71.06991
LB-98785,42.35845,-71.06084
LB-98800,42.38405,-71.00466
LB-99268,42.27089127,-71.17190157
LB-99521,42.36457,-71.05344
LB-101865,42.36097965,-71.06497159
LB-99000,42.344027,-71.077869
LB-99459,42.34001929,-71.06777158
LB-99702,42.36271,-71.0553
LB-101896,42.33355,-71.10562
LB-99560,42.36466893,-71.05383058
LB-101639,,
LB-99714,42.36461,-71.05261
LB-101903,42.36902915,-71.039179
LB-99814,42.37903,-71.03989
LB-99171,42.33587729,-71.04527899
LB-102060,42.28850343,-71.13464039
LB-99703,42.36499421,-71.05306795
LB-101990,42.3444818,-71.0702704
LB-101964,42.31353056,-71.05686044
LB-102000,42.34681,-71.0745
LB-101618,,
LB-99768,42.344074,-71.077812
LB-99725,42.36405,-71.05368
LB-99789,42.378888,-71.027796
LB-99813,42.37273,-71.0392
LB-101635,42.36002,-71.11832
LB-98813,42.25421,-71.1291
LB-99016,42.35128457,-71.07864839
LB-99016,42.35128457,-71.07864839
LB-99801,42.35016615,-71.03838619
LB-99397,42.36385,-71.05146
LB-99313,42.35655008,-71.14531053
LB-101950,42.360769,-71.070282
LB-99356,42.36269892,-71.05530974
LB-99118,42.351434,-71.063278
LB-99190,42.35486373,-71.06184347
LB-99869,42.33363,-71.10549
LB-102041,42.283821,-71.071344
LB-99193,42.36362743,-71.06129016
LB-99779,42.35342798,-71.05950554
LB-102038,42.33987,-71.07875
LB-101614,42.36185,-71.06661
LB-99558,42.35175074,-71.12415807
LB-101848,42.378974,-71.028672
LB-101892,,
LB-99505,42.373916,-71.062566
LB-102014,42.27744,-71.17265
LB-99064,42.345268,-71.096381
LB-102042,42.29559008,-71.08799003
LB-101874,42.28679,-71.1534
LB-99747,42.34677937,-71.07610032
LB-102043,42.323294,-71.056615
LB-99414,42.35904,-71.05356
LB-99446,42.34632082,-71.0750981
LB-99780,42.34186,-71.08059
LB-99580,42.36539325,-71.05327111
LB-102016,42.33322822,-71.0823471
LB-99216,42.31979,-71.112
LB-115683,34.24438675,-73.6513909
LB-101961,34.24438675,-73.6513909
LB-99487,42.37388744,-71.06264764
LB-99803,42.37986,-71.02689
LB-99084,42.36338,-71.05517
LB-101991,42.356053,-71.057513
LB-101844,42.283334,-71.112034
LB-99594,42.34823,-71.0866
LB-99549,42.34069606,-71.1517644
LB-99635,,
LB-99513,42.35470548,-71.05041271
LB-102047,42.28062,-71.1348
LB-101849,42.33803658,-71.05007921
LB-98912,42.35477,-71.05613
LB-99348,42.3693712,-71.04032266
LB-101303,42.34428682,-71.14200865
LB-99211,42.31168,-71.05351
LB-101994,42.297434,-71.049881
LB-102056,42.3432727,-71.14239169
LB-101956,42.31108348,-71.0700394
LB-99587,42.348681,-71.084102
LB-99578,42.35195,-71.06103
LB-101905,34.24438675,-73.6513909
LB-99794,42.35896747,-71.05501999
LB-101966,42.28970775,-71.06302927
LB-101987,42.36433385,-71.06666914
LB-102049,42.34804139,-71.03814184
LB-101941,42.28158891,-71.07131868
LB-99619,42.34989,-71.08208
LB-101897,42.25622638,-71.12425077
LB-101971,42.33253,-71.05187
LB-101976,42.30970154,-71.10459063
LB-99675,42.351353,-71.059891
LB-99805,42.35243167,-71.13171112
LB-101846,42.36284919,-71.05160851
LB-102031,42.36446,-71.05357
LB-102033,42.343109,-71.068616
LB-102054,42.37545,-71.03788
LB-101949,42.32225614,-71.10964082
LB-101869,42.38222,-71.07906
LB-101967,42.28539546,-71.06463341
LB-102055,42.31853,-71.11209
LB-102015,42.36623,-71.05497
LB-99731,42.36329,-71.0547
LB-101596,42.35631334,-71.06073646
LB-101595,42.34861178,-71.07443814
LB-101611,42.37196681,-71.03881787
LB-102883,42.36649384,-71.12015273
LB-102890,42.36517408,-71.12222708
LB-102889,42.33529,-71.10276
LB-98819,,
LB-101610,42.35157,-71.06502
LB-414874,42.36453986,-71.02181743
LB-202234,42.28621704,-71.12812099
LB-418841,42.36267735,-71.01863498
LB-382900,42.3642565,-71.03267229
LB-427915,42.34424031,-71.03311496
LB-409585,42.32538248,-71.06275903
LB-345458,42.35172217,-71.04621096
